Drug,total_prescription_count_2024,predicted_actionable_prescription_count_2024
pantoprazole,713644,373255.2349
atorvastatin,604106,142681.6263
simvastatin,456418,107799.7281
tramadol,289634,128472.4495
ibuprofen,256129,18430.1794
metoprolol,210995,346.6321669
rosuvastatin,133880,41701.40956
allopurinol,61063,8202.592355
sertraline,56094,29335.61689
clopidogrel,55619,29087.20497
quetiapine,53399,17.54526039
lansoprazole,45825,23967.72219
